Workbook
Name ACTION: #REF!
Name ACTION: #REF!

Sheet Cover
B2: SYSTEM TEST REPORT DOCUMENT
A4: Project Name | B4: LMS - Library Management System | E4: Creator | F4: Quality Assurance Team
A5: Project Code | B5: LMS_SWP391 | E5: Issue Date | F5: 2026-07-24
A6: Document Code | B6: =B5&"_"&"XXX"&"_"&"vx.x" -> LMS_SWP391_XXX_vx.x | E6: Version | F6: v1.3.0
A9: Record of change
A10: Effective Date | B10: Version | C10: Change Item | D10: *A,D,M | E10: Change description | F10: Reference
A11: 2026-07-24 | B11: v1.3.0 | C11: Hoàn thành System Testing 6 phân hệ | D11: M | E11: Báo cáo kết quả kiểm thử tự động 76 test cases trên Katalon Studio | F11: LMS_SWP391_SRS_v1.3.0

Sheet Test Cases
D1: TEST CASE LIST
B3: Project Name | D3: LMS - Library Management System
B4: Project Code | D4: LMS_SWP391
B5: Test Environment Setup Description | D5: 1. Application Server: Java JDK 17, Apache Tomcat 10, Java Servlet 5.0 2. Database: PostgreSQL (Supabase / Supavisor) 3. Testing Tool: Katalon Studio v9.x (Web Automation) 4. Web Browser: Google Chrome
B8: No | C8: Function Name | D8: Sheet Name | E8: Description | F8: Pre-Condition
B9: 1 | C9: Xác thực & Bảo mật | D9: TSAuthentication | E9: Xác minh luồng Đăng nhập, Đăng xuất, Quên mật khẩu & Khóa tài khoản | F9: Hệ thống và CSDL mồi đã sẵn sàng
B10: 2 | C10: Quản lý Người dùng | D10: TSUserManagement | E10: Xác minh luồng Quản lý người dùng, Thêm/Sửa/Khóa/Mở khóa tài khoản | F10: Hệ thống và CSDL mồi đã sẵn sàng
B11: 3 | C11: Quản lý Sách & Kho | D11: TSBookManagement | E11: Xác minh luồng Quản lý sách, Thêm đầu sách, Khai báo bản sao Barcode & Sửa sách | F11: Hệ thống và CSDL mồi đã sẵn sàng
B12: 4 | C12: Quầy Lưu Thông | D12: TSDeskCirculation | E12: Xác minh luồng Quầy lưu thông, Giao sách, Nhận trả sách & Duyệt thu tiền mặt | F12: Hệ thống và CSDL mồi đã sẵn sàng
B13: 5 | C13: Tra cứu & Khám phá Sách | D13: TSBookDiscovery | E13: Xác minh luồng Tìm kiếm sách, Lọc theo Danh mục, Tag, Trạng thái & Xem chi tiết | F13: Hệ thống và CSDL mồi đã sẵn sàng
B14: 6 | C14: Tự phục vụ Độc giả | D14: TSSelfService | E14: Xác minh luồng Đặt trước sách trực tuyến, Gia hạn mượn & Hủy đơn đặt trước | F14: Hệ thống và CSDL mồi đã sẵn sàng

Sheet Test Statistics
B1: TEST STATISTICS
B3: Project Name | C3: LMS - Library Management System | E3: Creator | G3: Quality Assurance Team
B4: Project Code | C4: LMS_SWP391 | E4: Reviewer/Approver | G4: Lead QA
B5: Document Code | C5: =C4&"_Test_Report_v1.3.0" -> LMS_SWP391_Test_Report_v1.3.0 | E5: Issue Date | H5: 2026-07-24
B6: Notes | C6: Báo cáo tổng hợp kết quả System Testing 6 phân hệ hệ thống LMS (Tổng số 76 kịch bản kiểm thử)
B10: No | C10: Module code | D10: Passed | E10: Failed | F10: Pending | G10: N/A | H10: Number of test cases
B11: 1 | C11: =TSAuthentication!B2 -> TSAuthentication | D11: =TSAuthentication!B6 -> 12 | E11: =TSAuthentication!C6 -> 0 | F11: =TSAuthentication!D6 -> 0 | G11: =TSAuthentication!E6 -> 0 | H11: =TSAuthentication!B4 -> 12
B12: 2 | C12: =TSUserManagement!B2 -> TSUserManagement | D12: =TSUserManagement!B6 -> 10 | E12: =TSUserManagement!C6 -> 0 | F12: =TSUserManagement!D6 -> 0 | G12: =TSUserManagement!E6 -> 0 | H12: =TSUserManagement!B4 -> 10
B13: 3 | C13: =TSBookManagement!B2 -> TSBookManagement | D13: =TSBookManagement!B6 -> 9 | E13: =TSBookManagement!C6 -> 0 | F13: =TSBookManagement!D6 -> 0 | G13: =TSBookManagement!E6 -> 0 | H13: =TSBookManagement!B4 -> 9
B14: 4 | C14: =TSDeskCirculation!B2 -> TSDeskCirculation | D14: =TSDeskCirculation!B6 -> 23 | E14: =TSDeskCirculation!C6 -> 0 | F14: =TSDeskCirculation!D6 -> 0 | G14: =TSDeskCirculation!E6 -> 0 | H14: =TSDeskCirculation!B4 -> 23
B15: 5 | C15: =TSBookDiscovery!B2 -> TSBookDiscovery | D15: =TSBookDiscovery!B6 -> 14 | E15: =TSBookDiscovery!C6 -> 0 | F15: =TSBookDiscovery!D6 -> 0 | G15: =TSBookDiscovery!E6 -> 0 | H15: =TSBookDiscovery!B4 -> 14
B16: 6 | C16: =TSSelfService!B2 -> TSSelfService | D16: =TSSelfService!B6 -> 13 | E16: =TSSelfService!C6 -> 0 | F16: =TSSelfService!D6 -> 0 | G16: =TSSelfService!E6 -> 0 | H16: =TSSelfService!B4 -> 13
C17: Sub total | D17: =SUM(D11:D16) -> 81 | E17: =SUM(E11:E16) -> 0 | F17: =SUM(F11:F16) -> 0 | G17: =SUM(G11:G16) -> 0 | H17: =SUM(H11:H16) -> 81
C19: Test coverage | E19: =IF((H17-G17)=0,0,(D17+E17)*100/(H17-G17))/100 -> 1
C20: Test successful coverage | E20: =IF((H17-G17)=0,0,D17*100/(H17-G17))/100 -> 1

Sheet TSAuthentication
A2: Workflow | B2: TSAuthentication | R2: Passed
A3: Test requirement | B3: Xác minh luồng Đăng nhập, Đăng xuất, Quên mật khẩu & Khóa tài khoản | R3: Failed
A4: Number of TCs | B4: =COUNTA(A11:A22) -> 12 | R4: Pending
A5: Testing Round | B5: Passed | C5: Failed | D5: Pending | E5: N/A | R5: N/A
A6: Round 1 | B6: =COUNTIF($F11:$F22,"Passed") -> 12 | C6: =COUNTIF($F11:$F22,"Failed") -> 0 | D6: =COUNTIF($F11:$F22,"Pending") -> 0 | E6: =COUNTIF($F11:$F22,"N/A") -> 0
A7: Round 2 | B7: =COUNTIF($F11:$F22,"Passed") -> 12 | C7: =COUNTIF($F11:$F22,"Failed") -> 0 | D7: =COUNTIF($F11:$F22,"Pending") -> 0 | E7: =COUNTIF($F11:$F22,"N/A") -> 0
A8: Round 3 | B8: =COUNTIF($F11:$F22,"Passed") -> 12 | C8: =COUNTIF($F11:$F22,"Failed") -> 0 | D8: =COUNTIF($F11:$F22,"Pending") -> 0 | E8: =COUNTIF($F11:$F22,"N/A") -> 0
A10: Test Case ID | B10: Test Case Description | C10: Test Case Procedure | D10: Expected Results | E10: Pre-conditions | F10: Round 1 | G10: Test date | H10: Tester | I10: Round 2 | J10: Test date | K10: Tester | L10: Round 3 | M10: Test date | N10: Tester | O10: Note
A11: TCLogin_Data01 | B11: Đăng nhập hệ thống với các vai trò Admin, Librarian, Student, Lecturer, Manager | C11: password: admin1@lms.com role: ADMIN email: admin1@lms.com | D11: Đăng nhập thành công với vai trò ADMIN, chuyển hướng vào màn hình Bảng điều khiển tương ứng. | E11: Hệ thống và CSDL mồi đã sẵn sàng | F11: Passed | G11: 2026-07-24 | H11: Katalon AutoTest | I11: Passed | J11: 2026-07-24 | K11: Katalon AutoTest | L11: Passed | M11: 2026-07-24 | N11: Katalon AutoTest | O11: Tự động chạy thành công 10 bước
A12: TCLogin_Data02 | B12: Đăng nhập hệ thống với các vai trò Admin, Librarian, Student, Lecturer, Manager | C12: password: librarian1@lms.com role: LIBRARIAN email: librarian1@lms.com | D12: Đăng nhập thành công với vai trò LIBRARIAN, chuyển hướng vào màn hình Bảng điều khiển tương ứng. | E12: Hệ thống và CSDL mồi đã sẵn sàng | F12: Passed | G12: 2026-07-24 | H12: Katalon AutoTest | I12: Passed | J12: 2026-07-24 | K12: Katalon AutoTest | L12: Passed | M12: 2026-07-24 | N12: Katalon AutoTest | O12: Tự động chạy thành công 10 bước
A13: TCLogin_Data03 | B13: Đăng nhập hệ thống với các vai trò Admin, Librarian, Student, Lecturer, Manager | C13: password: student1@lms.com role: STUDENT email: student1@lms.com | D13: Đăng nhập thành công với vai trò STUDENT, chuyển hướng vào màn hình Bảng điều khiển tương ứng. | E13: Hệ thống và CSDL mồi đã sẵn sàng | F13: Passed | G13: 2026-07-24 | H13: Katalon AutoTest | I13: Passed | J13: 2026-07-24 | K13: Katalon AutoTest | L13: Passed | M13: 2026-07-24 | N13: Katalon AutoTest | O13: Tự động chạy thành công 10 bước
A14: TCLogin_Data04 | B14: Đăng nhập hệ thống với các vai trò Admin, Librarian, Student, Lecturer, Manager | C14: password: lecturer1@lms.com role: LECTURER email: lecturer1@lms.com | D14: Đăng nhập thành công với vai trò LECTURER, chuyển hướng vào màn hình Bảng điều khiển tương ứng. | E14: Hệ thống và CSDL mồi đã sẵn sàng | F14: Passed | G14: 2026-07-24 | H14: Katalon AutoTest | I14: Passed | J14: 2026-07-24 | K14: Katalon AutoTest | L14: Passed | M14: 2026-07-24 | N14: Katalon AutoTest | O14: Tự động chạy thành công 10 bước
A15: TCLogin_Data05 | B15: Đăng nhập hệ thống với các vai trò Admin, Librarian, Student, Lecturer, Manager | C15: password: manager1@lms.com role: MANAGER email: manager1@lms.com | D15: Đăng nhập thành công với vai trò MANAGER, chuyển hướng vào màn hình Bảng điều khiển tương ứng. | E15: Hệ thống và CSDL mồi đã sẵn sàng | F15: Passed | G15: 2026-07-24 | H15: Katalon AutoTest | I15: Passed | J15: 2026-07-24 | K15: Katalon AutoTest | L15: Passed | M15: 2026-07-24 | N15: Katalon AutoTest | O15: Tự động chạy thành công 10 bước
A16: TCLogin_Data06 | B16: Đăng nhập hệ thống với các vai trò Admin, Librarian, Student, Lecturer, Manager | C16: password: WrongPass123 email: admin1@lms.com | D16: Hệ thống từ chối đăng nhập, hiển thị thông báo lỗi sai tài khoản/mật khẩu. | E16: Hệ thống và CSDL mồi đã sẵn sàng | F16: Passed | G16: 2026-07-24 | H16: Katalon AutoTest | I16: Passed | J16: 2026-07-24 | K16: Katalon AutoTest | L16: Passed | M16: 2026-07-24 | N16: Katalon AutoTest | O16: Tự động chạy thành công 11 bước
A17: TCLogin_Data07 | B17: Đăng nhập hệ thống với các vai trò Admin, Librarian, Student, Lecturer, Manager | C17: password: 123 | D17: Hệ thống từ chối đăng nhập, hiển thị thông báo lỗi sai tài khoản/mật khẩu. | E17: Hệ thống và CSDL mồi đã sẵn sàng | F17: Passed | G17: 2026-07-24 | H17: Katalon AutoTest | I17: Passed | J17: 2026-07-24 | K17: Katalon AutoTest | L17: Passed | M17: 2026-07-24 | N17: Katalon AutoTest | O17: Tự động chạy thành công 11 bước
A18: TCLogin_Data08 | B18: Đăng nhập hệ thống với các vai trò Admin, Librarian, Student, Lecturer, Manager | C18: password: 456 email: notexist@lms.com | D18: Hệ thống từ chối đăng nhập, hiển thị thông báo lỗi sai tài khoản/mật khẩu. | E18: Hệ thống và CSDL mồi đã sẵn sàng | F18: Passed | G18: 2026-07-24 | H18: Katalon AutoTest | I18: Passed | J18: 2026-07-24 | K18: Katalon AutoTest | L18: Passed | M18: 2026-07-24 | N18: Katalon AutoTest | O18: Tự động chạy thành công 11 bước
A19: TCLogout | B19: Đăng xuất khỏi hệ thống | C19: Tham số mặc định | D19: Hệ thống hủy Session người dùng, đăng xuất thành công và chuyển hướng về màn hình Đăng nhập. | E19: Hệ thống và CSDL mồi đã sẵn sàng | F19: Passed | G19: 2026-07-24 | H19: Katalon AutoTest | I19: Passed | J19: 2026-07-24 | K19: Katalon AutoTest | L19: Passed | M19: 2026-07-24 | N19: Katalon AutoTest | O19: Tự động chạy thành công 12 bước
A20: TCForgotPassword_Data01 | B20: Gửi yêu cầu đặt lại mật khẩu khi quên mật khẩu | C20: email: student1@lms.com | D20: Hệ thống tiếp nhận yêu cầu và hiển thị thông báo gửi email reset mật khẩu thành công. | E20: Hệ thống và CSDL mồi đã sẵn sàng | F20: Passed | G20: 2026-07-24 | H20: Katalon AutoTest | I20: Passed | J20: 2026-07-24 | K20: Katalon AutoTest | L20: Passed | M20: 2026-07-24 | N20: Katalon AutoTest | O20: Tự động chạy thành công 10 bước
A21: TCForgotPassword_Data02 | B21: Gửi yêu cầu đặt lại mật khẩu khi quên mật khẩu | C21: email: test_dole@lms.com | D21: Hệ thống tiếp nhận yêu cầu và hiển thị thông báo gửi email reset mật khẩu thành công. | E21: Hệ thống và CSDL mồi đã sẵn sàng | F21: Passed | G21: 2026-07-24 | H21: Katalon AutoTest | I21: Passed | J21: 2026-07-24 | K21: Katalon AutoTest | L21: Passed | M21: 2026-07-24 | N21: Katalon AutoTest | O21: Tự động chạy thành công 10 bước
A22: TCAccountLockout | B22: Tự động khóa tài khoản khi nhập sai mật khẩu 5 lần liên tiếp | C22: Tham số mặc định | D22: Hệ thống phát hiện đăng nhập sai quá 5 lần, tự động khóa tài khoản tạm thời và hiển thị thông báo. | E22: Hệ thống và CSDL mồi đã sẵn sàng | F22: Passed | G22: 2026-07-24 | H22: Katalon AutoTest | I22: Passed | J22: 2026-07-24 | K22: Katalon AutoTest | L22: Passed | M22: 2026-07-24 | N22: Katalon AutoTest | O22: Tự động chạy thành công 8 bước

Sheet TSUserManagement
A2: Workflow | B2: TSUserManagement | R2: Passed
A3: Test requirement | B3: Xác minh luồng Quản lý người dùng, Thêm/Sửa/Khóa/Mở khóa tài khoản | R3: Failed
A4: Number of TCs | B4: =COUNTA(A11:A20) -> 10 | R4: Pending
A5: Testing Round | B5: Passed | C5: Failed | D5: Pending | E5: N/A | R5: N/A
A6: Round 1 | B6: =COUNTIF($F11:$F20,"Passed") -> 10 | C6: =COUNTIF($F11:$F20,"Failed") -> 0 | D6: =COUNTIF($F11:$F20,"Pending") -> 0 | E6: =COUNTIF($F11:$F20,"N/A") -> 0
A7: Round 2 | B7: =COUNTIF($F11:$F20,"Passed") -> 10 | C7: =COUNTIF($F11:$F20,"Failed") -> 0 | D7: =COUNTIF($F11:$F20,"Pending") -> 0 | E7: =COUNTIF($F11:$F20,"N/A") -> 0
A8: Round 3 | B8: =COUNTIF($F11:$F20,"Passed") -> 10 | C8: =COUNTIF($F11:$F20,"Failed") -> 0 | D8: =COUNTIF($F11:$F20,"Pending") -> 0 | E8: =COUNTIF($F11:$F20,"N/A") -> 0
A10: Test Case ID | B10: Test Case Description | C10: Test Case Procedure | D10: Expected Results | E10: Pre-conditions | F10: Round 1 | G10: Test date | H10: Tester | I10: Round 2 | J10: Test date | K10: Tester | L10: Round 3 | M10: Test date | N10: Tester | O10: Note
A11: TCCreateUser_Data01 | B11: Thêm mới tài khoản người dùng bởi Quản trị viên (Admin) | C11: role: STUDENT code: ST202601 gender: Nam major: Software Engineering phone: 0911000001 enrollmentYear: 2024 dob: 2004-05-15 fullName: Nguyen Van Test Student email: user_st_2026_01@lms.com | D11: Hệ thống lưu tài khoản mới thành công, hiển thị thông báo và cập nhật danh sách người dùng. | E11: Hệ thống và CSDL mồi đã sẵn sàng | F11: Passed | G11: 2026-07-24 | H11: Katalon AutoTest | I11: Passed | J11: 2026-07-24 | K11: Katalon AutoTest | L11: Passed | M11: 2026-07-24 | N11: Katalon AutoTest | O11: Tự động chạy thành công 23 bước
A12: TCCreateUser_Data02 | B12: Thêm mới tài khoản người dùng bởi Quản trị viên (Admin) | C12: role: LECTURER code: LC202601 gender: Nu phone: 0911000002 dob: 1990-08-20 fullName: Tran Thi Test Lecturer department: Software Department email: user_lc_2026_01@lms.com | D12: Hệ thống lưu tài khoản mới thành công, hiển thị thông báo và cập nhật danh sách người dùng. | E12: Hệ thống và CSDL mồi đã sẵn sàng | F12: Passed | G12: 2026-07-24 | H12: Katalon AutoTest | I12: Passed | J12: 2026-07-24 | K12: Katalon AutoTest | L12: Passed | M12: 2026-07-24 | N12: Katalon AutoTest | O12: Tự động chạy thành công 23 bước
A13: TCCreateUser_Data03 | B13: Thêm mới tài khoản người dùng bởi Quản trị viên (Admin) | C13: role: LIBRARIAN code: LB202601 gender: Nam phone: 0911000003 dob: 1988-03-10 fullName: Le Van Test Librarian email: user_lb_2026_01@lms.com | D13: Hệ thống lưu tài khoản mới thành công, hiển thị thông báo và cập nhật danh sách người dùng. | E13: Hệ thống và CSDL mồi đã sẵn sàng | F13: Passed | G13: 2026-07-24 | H13: Katalon AutoTest | I13: Passed | J13: 2026-07-24 | K13: Katalon AutoTest | L13: Passed | M13: 2026-07-24 | N13: Katalon AutoTest | O13: Tự động chạy thành công 23 bước
A14: TCCreateUser_Data04 | B14: Thêm mới tài khoản người dùng bởi Quản trị viên (Admin) | C14: role: STUDENT code: ST202602 gender: Nam major: Software Engineering phone: 0911000004 enrollmentYear: 2024 dob: 2004-01-01 fullName: Loi Trung Email email: user_st_2026_01@lms.com | D14: Hệ thống báo lỗi trùng lặp/thiếu thông tin bắt buộc, từ chối tạo mới tài khoản. | E14: Hệ thống và CSDL mồi đã sẵn sàng | F14: Passed | G14: 2026-07-24 | H14: Katalon AutoTest | I14: Passed | J14: 2026-07-24 | K14: Katalon AutoTest | L14: Passed | M14: 2026-07-24 | N14: Katalon AutoTest | O14: Tự động chạy thành công 24 bước
A15: TCCreateUser_Data05 | B15: Thêm mới tài khoản người dùng bởi Quản trị viên (Admin) | C15: role: STUDENT code: ST202601 gender: Nam major: Software Engineering phone: 0911000005 enrollmentYear: 2024 dob: 2004-01-01 fullName: Loi Trung Ma Sinh Vien email: user_st_2026_05@lms.com | D15: Hệ thống báo lỗi trùng lặp/thiếu thông tin bắt buộc, từ chối tạo mới tài khoản. | E15: Hệ thống và CSDL mồi đã sẵn sàng | F15: Passed | G15: 2026-07-24 | H15: Katalon AutoTest | I15: Passed | J15: 2026-07-24 | K15: Katalon AutoTest | L15: Passed | M15: 2026-07-24 | N15: Katalon AutoTest | O15: Tự động chạy thành công 24 bước
A16: TCUpdateUser_Data01 | B16: Cập nhật thông tin hồ sơ người dùng | C16: code: ST202601 gender: Nữ major: Artificial Intelligence targetEmail: user_st_2026_01@lms.com phone: 0911000099 enrollmentYear: 2024 dob: 2004-05-15 fullName: Nguyen Van Test Student Updated status: active | D16: Hệ thống cập nhật thông tin người dùng thành công và hiển thị thông báo xác nhận. | E16: Hệ thống và CSDL mồi đã sẵn sàng | F16: Passed | G16: 2026-07-24 | H16: Katalon AutoTest | I16: Passed | J16: 2026-07-24 | K16: Katalon AutoTest | L16: Passed | M16: 2026-07-24 | N16: Katalon AutoTest | O16: Tự động chạy thành công 34 bước
A17: TCUpdateUser_Data02 | B17: Cập nhật thông tin hồ sơ người dùng | C17: code: LC202601 gender: Nam targetEmail: user_lc_2026_01@lms.com phone: 0911000088 dob: 1990-08-20 fullName: Tran Thi Test Lecturer Updated department: Computer Science status: active | D17: Hệ thống cập nhật thông tin người dùng thành công và hiển thị thông báo xác nhận. | E17: Hệ thống và CSDL mồi đã sẵn sàng | F17: Passed | G17: 2026-07-24 | H17: Katalon AutoTest | I17: Passed | J17: 2026-07-24 | K17: Katalon AutoTest | L17: Passed | M17: 2026-07-24 | N17: Katalon AutoTest | O17: Tự động chạy thành công 34 bước
A18: TCUpdateUser_Data03 | B18: Cập nhật thông tin hồ sơ người dùng | C18: code: ST202601 gender: Nam major: AI targetEmail: user_st_2026_01@lms.com phone: 0911000099 enrollmentYear: 2024 dob: 2004-05-15 status: active | D18: Hệ thống từ chối cập nhật và hiển thị thông báo lỗi dữ liệu không hợp lệ. | E18: Hệ thống và CSDL mồi đã sẵn sàng | F18: Passed | G18: 2026-07-24 | H18: Katalon AutoTest | I18: Passed | J18: 2026-07-24 | K18: Katalon AutoTest | L18: Passed | M18: 2026-07-24 | N18: Katalon AutoTest | O18: Tự động chạy thành công 35 bước
A19: TCLockUser | B19: Khóa tài khoản người dùng bởi Quản trị viên | C19: Tham số mặc định | D19: Hệ thống chuyển trạng thái tài khoản sang Locked (Đã khóa) và lưu lý do khóa. | E19: Hệ thống và CSDL mồi đã sẵn sàng | F19: Passed | G19: 2026-07-24 | H19: Katalon AutoTest | I19: Passed | J19: 2026-07-24 | K19: Katalon AutoTest | L19: Passed | M19: 2026-07-24 | N19: Katalon AutoTest | O19: Tự động chạy thành công 21 bước
A20: TCUnlockUser | B20: Mở khóa tài khoản người dùng bởi Quản trị viên | C20: Tham số mặc định | D20: Hệ thống chuyển trạng thái tài khoản sang Locked (Đã khóa) và lưu lý do khóa. | E20: Hệ thống và CSDL mồi đã sẵn sàng | F20: Passed | G20: 2026-07-24 | H20: Katalon AutoTest | I20: Passed | J20: 2026-07-24 | K20: Katalon AutoTest | L20: Passed | M20: 2026-07-24 | N20: Katalon AutoTest | O20: Tự động chạy thành công 20 bước

Sheet TSBookManagement
A2: Workflow | B2: TSBookManagement | R2: Passed
A3: Test requirement | B3: Xác minh luồng Quản lý sách, Thêm đầu sách, Khai báo bản sao Barcode & Sửa sách | R3: Failed
A4: Number of TCs | B4: =COUNTA(A11:A19) -> 9 | R4: Pending
A5: Testing Round | B5: Passed | C5: Failed | D5: Pending | E5: N/A | R5: N/A
A6: Round 1 | B6: =COUNTIF($F11:$F19,"Passed") -> 9 | C6: =COUNTIF($F11:$F19,"Failed") -> 0 | D6: =COUNTIF($F11:$F19,"Pending") -> 0 | E6: =COUNTIF($F11:$F19,"N/A") -> 0
A7: Round 2 | B7: =COUNTIF($F11:$F19,"Passed") -> 9 | C7: =COUNTIF($F11:$F19,"Failed") -> 0 | D7: =COUNTIF($F11:$F19,"Pending") -> 0 | E7: =COUNTIF($F11:$F19,"N/A") -> 0
A8: Round 3 | B8: =COUNTIF($F11:$F19,"Passed") -> 9 | C8: =COUNTIF($F11:$F19,"Failed") -> 0 | D8: =COUNTIF($F11:$F19,"Pending") -> 0 | E8: =COUNTIF($F11:$F19,"N/A") -> 0
A10: Test Case ID | B10: Test Case Description | C10: Test Case Procedure | D10: Expected Results | E10: Pre-conditions | F10: Round 1 | G10: Test date | H10: Tester | I10: Round 2 | J10: Test date | K10: Tester | L10: Round 3 | M10: Test date | N10: Tester | O10: Note
A11: TCAddBook_Data01 | B11: Thêm mới đầu sách vào thư viện bởi Thủ thư | C11: author: Nguyễn Văn Kiểm Thử price: 150000 isbn: 978-604-0-99999-3 publisher: NXB Đại Học FPT publicationYear: 2024 title: Giáo Trình Kiểm Thử Hệ Thống 2026 | D11: Hệ thống tạo thành công đầu sách mới vào CSDL kho sách. | E11: Hệ thống và CSDL mồi đã sẵn sàng | F11: Passed | G11: 2026-07-24 | H11: Katalon AutoTest | I11: Passed | J11: 2026-07-24 | K11: Katalon AutoTest | L11: Passed | M11: 2026-07-24 | N11: Katalon AutoTest | O11: Tự động chạy thành công 31 bước
A12: TCAddBook_Data02 | B12: Thêm mới đầu sách vào thư viện bởi Thủ thư | C12: author: Trần Văn Trùng price: 120000 isbn: 978-604-0-99999-3 publisher: NXB Kim Đồng publicationYear: 2024 title: Giáo Trình Kiểm Thử Hệ Thống 2026 | D12: Hệ thống tạo thành công đầu sách mới vào CSDL kho sách. | E12: Hệ thống và CSDL mồi đã sẵn sàng | F12: Passed | G12: 2026-07-24 | H12: Katalon AutoTest | I12: Passed | J12: 2026-07-24 | K12: Katalon AutoTest | L12: Passed | M12: 2026-07-24 | N12: Katalon AutoTest | O12: Tự động chạy thành công 32 bước
A13: TCAddBook_Data03 | B13: Thêm mới đầu sách vào thư viện bởi Thủ thư | C13: author: Tác Giả ABC price: 100000 isbn: 978-604-0-88888-2 publisher: NXB FPT publicationYear: 2024 | D13: Hệ thống tạo thành công đầu sách mới vào CSDL kho sách. | E13: Hệ thống và CSDL mồi đã sẵn sàng | F13: Passed | G13: 2026-07-24 | H13: Katalon AutoTest | I13: Passed | J13: 2026-07-24 | K13: Katalon AutoTest | L13: Passed | M13: 2026-07-24 | N13: Katalon AutoTest | O13: Tự động chạy thành công 32 bước
A14: TCAddBook_Data04 | B14: Thêm mới đầu sách vào thư viện bởi Thủ thư | C14: author: Tác Giả XYZ price: 100000 publisher: NXB FPT publicationYear: 2024 title: Sách Thiếu ISBN | D14: Hệ thống tạo thành công đầu sách mới vào CSDL kho sách. | E14: Hệ thống và CSDL mồi đã sẵn sàng | F14: Passed | G14: 2026-07-24 | H14: Katalon AutoTest | I14: Passed | J14: 2026-07-24 | K14: Katalon AutoTest | L14: Passed | M14: 2026-07-24 | N14: Katalon AutoTest | O14: Tự động chạy thành công 32 bước
A15: TCAddBookCopy_Data01 | B15: Khai báo bản sao sách và mã vạch Barcode | C15: isbn_search: 978-604-0-99999-3 location: Kệ CS-2026-01 barcode: BC-2026-9901 | D15: Hệ thống tạo thành công bản sao sách mới kèm Mã vạch (Barcode) duy nhất. | E15: Hệ thống và CSDL mồi đã sẵn sàng | F15: Passed | G15: 2026-07-24 | H15: Katalon AutoTest | I15: Passed | J15: 2026-07-24 | K15: Katalon AutoTest | L15: Passed | M15: 2026-07-24 | N15: Katalon AutoTest | O15: Tự động chạy thành công 16 bước
A16: TCAddBookCopy_Data02 | B16: Khai báo bản sao sách và mã vạch Barcode | C16: isbn_search: 978-604-0-99999-3 location: Kệ CS-2026-02 barcode: BC-2026-9901 | D16: Hệ thống tạo thành công bản sao sách mới kèm Mã vạch (Barcode) duy nhất. | E16: Hệ thống và CSDL mồi đã sẵn sàng | F16: Passed | G16: 2026-07-24 | H16: Katalon AutoTest | I16: Passed | J16: 2026-07-24 | K16: Katalon AutoTest | L16: Passed | M16: 2026-07-24 | N16: Katalon AutoTest | O16: Tự động chạy thành công 17 bước
A17: TCAddBookCopy_Data03 | B17: Khai báo bản sao sách và mã vạch Barcode | C17: isbn_search: 978-604-0-99999-3 location: Kệ CS-2026-03 | D17: Hệ thống tạo thành công bản sao sách mới kèm Mã vạch (Barcode) duy nhất. | E17: Hệ thống và CSDL mồi đã sẵn sàng | F17: Passed | G17: 2026-07-24 | H17: Katalon AutoTest | I17: Passed | J17: 2026-07-24 | K17: Katalon AutoTest | L17: Passed | M17: 2026-07-24 | N17: Katalon AutoTest | O17: Tự động chạy thành công 17 bước
A18: TCUpdateBook_Data01 | B18: Cập nhật thông tin chi tiết đầu sách | C18: author: Nguyễn Văn Kiểm Thử price: 175000 isbn_search: 978-0134685991 publisher: NXB Giáo Dục publicationYear: 2024 title: Giáo Trình Kiểm Thử LMS 2026 Updated status: available | D18: Hệ thống cập nhật thông tin đầu sách thành công. | E18: Hệ thống và CSDL mồi đã sẵn sàng | F18: Passed | G18: 2026-07-24 | H18: Katalon AutoTest | I18: Passed | J18: 2026-07-24 | K18: Katalon AutoTest | L18: Passed | M18: 2026-07-24 | N18: Katalon AutoTest | O18: Tự động chạy thành công 40 bước
A19: TCUpdateBook_Data02 | B19: Cập nhật thông tin chi tiết đầu sách | C19: author: Nguyễn Văn Kiểm Thử price: 175000 isbn_search: 978-0134685991 publisher: NXB Giáo Dục publicationYear: 2024 status: available | D19: Hệ thống cập nhật thông tin đầu sách thành công. | E19: Hệ thống và CSDL mồi đã sẵn sàng | F19: Passed | G19: 2026-07-24 | H19: Katalon AutoTest | I19: Passed | J19: 2026-07-24 | K19: Katalon AutoTest | L19: Passed | M19: 2026-07-24 | N19: Katalon AutoTest | O19: Tự động chạy thành công 41 bước

Sheet TSDeskCirculation
A2: Workflow | B2: TSDeskCirculation | R2: Passed
A3: Test requirement | B3: Xác minh luồng Quầy lưu thông, Giao sách, Nhận trả sách & Duyệt thu tiền mặt | R3: Failed
A4: Number of TCs | B4: =COUNTA(A11:A33) -> 23 | R4: Pending
A5: Testing Round | B5: Passed | C5: Failed | D5: Pending | E5: N/A | R5: N/A
A6: Round 1 | B6: =COUNTIF($F11:$F33,"Passed") -> 23 | C6: =COUNTIF($F11:$F33,"Failed") -> 0 | D6: =COUNTIF($F11:$F33,"Pending") -> 0 | E6: =COUNTIF($F11:$F33,"N/A") -> 0
A7: Round 2 | B7: =COUNTIF($F11:$F33,"Passed") -> 23 | C7: =COUNTIF($F11:$F33,"Failed") -> 0 | D7: =COUNTIF($F11:$F33,"Pending") -> 0 | E7: =COUNTIF($F11:$F33,"N/A") -> 0
A8: Round 3 | B8: =COUNTIF($F11:$F33,"Passed") -> 23 | C8: =COUNTIF($F11:$F33,"Failed") -> 0 | D8: =COUNTIF($F11:$F33,"Pending") -> 0 | E8: =COUNTIF($F11:$F33,"N/A") -> 0
A10: Test Case ID | B10: Test Case Description | C10: Test Case Procedure | D10: Expected Results | E10: Pre-conditions | F10: Round 1 | G10: Test date | H10: Tester | I10: Round 2 | J10: Test date | K10: Tester | L10: Round 3 | M10: Test date | N10: Tester | O10: Note
A11: TCCheckoutBook_Data01 | B11: Giao sách cho độc giả tại quầy | C11: memberCode: ST20230001 barcode: BC_TEST_CHECKOUT | D11: Hệ thống xử lý giao sách thành công, đổi trạng thái bản sao sang 'borrowed' và tạo bản ghi mượn. | E11: Hệ thống và CSDL mồi đã sẵn sàng | F11: Passed | G11: 2026-07-24 | H11: Katalon AutoTest | I11: Passed | J11: 2026-07-24 | K11: Katalon AutoTest | L11: Passed | M11: 2026-07-24 | N11: Katalon AutoTest | O11: Tự động chạy thành công 25 bước
A12: TCCheckoutBook_Data02 | B12: Giao sách cho độc giả tại quầy | C12: memberCode: ST20230001 barcode: BC_NOT_FOUND | D12: Hệ thống từ chối giao sách, hiển thị thông báo lỗi (vượt hạn mức / đang nợ phạt / mã vạch không hợp lệ). | E12: Hệ thống và CSDL mồi đã sẵn sàng | F12: Passed | G12: 2026-07-24 | H12: Katalon AutoTest | I12: Passed | J12: 2026-07-24 | K12: Katalon AutoTest | L12: Passed | M12: 2026-07-24 | N12: Katalon AutoTest | O12: Tự động chạy thành công 27 bước
A13: TCCheckoutBook_Data03 | B13: Giao sách cho độc giả tại quầy | C13: memberCode: SE_TEST_QUOTA barcode: BC_TEST_CHECKOUT | D13: Hệ thống từ chối giao sách, hiển thị thông báo lỗi (vượt hạn mức / đang nợ phạt / mã vạch không hợp lệ). | E13: Hệ thống và CSDL mồi đã sẵn sàng | F13: Passed | G13: 2026-07-24 | H13: Katalon AutoTest | I13: Passed | J13: 2026-07-24 | K13: Katalon AutoTest | L13: Passed | M13: 2026-07-24 | N13: Katalon AutoTest | O13: Tự động chạy thành công 27 bước
A14: TCCheckoutBook_Data04 | B14: Giao sách cho độc giả tại quầy | C14: memberCode: SE_TEST_FINE barcode: BC_TEST_CHECKOUT | D14: Hệ thống từ chối giao sách, hiển thị thông báo lỗi (vượt hạn mức / đang nợ phạt / mã vạch không hợp lệ). | E14: Hệ thống và CSDL mồi đã sẵn sàng | F14: Passed | G14: 2026-07-24 | H14: Katalon AutoTest | I14: Passed | J14: 2026-07-24 | K14: Katalon AutoTest | L14: Passed | M14: 2026-07-24 | N14: Katalon AutoTest | O14: Tự động chạy thành công 27 bước
A15: TCCheckoutBook_Data05 | B15: Giao sách cho độc giả tại quầy | C15: memberCode: ST20230001 barcode: BC_TEST_CHECKIN_OVERDUE | D15: Hệ thống từ chối giao sách, hiển thị thông báo lỗi (vượt hạn mức / đang nợ phạt / mã vạch không hợp lệ). | E15: Hệ thống và CSDL mồi đã sẵn sàng | F15: Passed | G15: 2026-07-24 | H15: Katalon AutoTest | I15: Passed | J15: 2026-07-24 | K15: Katalon AutoTest | L15: Passed | M15: 2026-07-24 | N15: Katalon AutoTest | O15: Tự động chạy thành công 27 bước
A16: TCCheckoutBook_Data06 | B16: Giao sách cho độc giả tại quầy | C16: memberCode: INVALID_CODE barcode: BC_TEST_CHECKOUT | D16: Hệ thống từ chối giao sách, hiển thị thông báo lỗi (vượt hạn mức / đang nợ phạt / mã vạch không hợp lệ). | E16: Hệ thống và CSDL mồi đã sẵn sàng | F16: Passed | G16: 2026-07-24 | H16: Katalon AutoTest | I16: Passed | J16: 2026-07-24 | K16: Katalon AutoTest | L16: Passed | M16: 2026-07-24 | N16: Katalon AutoTest | O16: Tự động chạy thành công 27 bước
A17: TCCheckoutBook_Data07 | B17: Giao sách cho độc giả tại quầy | C17: barcode: BC_TEST_CHECKOUT | D17: Hệ thống từ chối giao sách, hiển thị thông báo lỗi (vượt hạn mức / đang nợ phạt / mã vạch không hợp lệ). | E17: Hệ thống và CSDL mồi đã sẵn sàng | F17: Passed | G17: 2026-07-24 | H17: Katalon AutoTest | I17: Passed | J17: 2026-07-24 | K17: Katalon AutoTest | L17: Passed | M17: 2026-07-24 | N17: Katalon AutoTest | O17: Tự động chạy thành công 27 bước
A18: TCCheckoutBook_Data08 | B18: Giao sách cho độc giả tại quầy | C18: memberCode: ST20230001 | D18: Hệ thống từ chối giao sách, hiển thị thông báo lỗi (vượt hạn mức / đang nợ phạt / mã vạch không hợp lệ). | E18: Hệ thống và CSDL mồi đã sẵn sàng | F18: Passed | G18: 2026-07-24 | H18: Katalon AutoTest | I18: Passed | J18: 2026-07-24 | K18: Katalon AutoTest | L18: Passed | M18: 2026-07-24 | N18: Katalon AutoTest | O18: Tự động chạy thành công 27 bước
A19: TCCheckoutBook_Data09 | B19: Giao sách cho độc giả tại quầy | C19: memberCode: student1@lms.com barcode: BC_TEST_CHECKOUT | D19: Hệ thống từ chối giao sách, hiển thị thông báo lỗi (vượt hạn mức / đang nợ phạt / mã vạch không hợp lệ). | E19: Hệ thống và CSDL mồi đã sẵn sàng | F19: Passed | G19: 2026-07-24 | H19: Katalon AutoTest | I19: Passed | J19: 2026-07-24 | K19: Katalon AutoTest | L19: Passed | M19: 2026-07-24 | N19: Katalon AutoTest | O19: Tự động chạy thành công 27 bước
A20: TCCheckoutBook_Data10 | B20: Giao sách cho độc giả tại quầy | C20: memberCode: ST20230001 barcode: 978-604-0-99999-3 | D20: Hệ thống từ chối giao sách, hiển thị thông báo lỗi (vượt hạn mức / đang nợ phạt / mã vạch không hợp lệ). | E20: Hệ thống và CSDL mồi đã sẵn sàng | F20: Passed | G20: 2026-07-24 | H20: Katalon AutoTest | I20: Passed | J20: 2026-07-24 | K20: Katalon AutoTest | L20: Passed | M20: 2026-07-24 | N20: Katalon AutoTest | O20: Tự động chạy thành công 27 bước
A21: TCCheckinBook_Data01 | B21: Nhận trả sách tại quầy | C21: memberCode: SE_TEST_FINE condition: good barcode: BC_TEST_CHECKIN_OVERDUE | D21: Hệ thống nhận trả sách thành công, cập nhật trạng thái bản sao, ghi nhận sự cố / tính tiền phạt nếu có. | E21: Hệ thống và CSDL mồi đã sẵn sàng | F21: Passed | G21: 2026-07-24 | H21: Katalon AutoTest | I21: Passed | J21: 2026-07-24 | K21: Katalon AutoTest | L21: Passed | M21: 2026-07-24 | N21: Katalon AutoTest | O21: Tự động chạy thành công 30 bước
... A33: TCPayFine_Data05 | B33: Duyệt thu tiền mặt đóng phạt tại quầy | C33: memberCode: admin1@lms.com | D33: Hệ thống kiểm tra không có khoản nợ phạt, giữ nguyên trạng thái tài khoản và không thực hiện duyệt thu. | E33: Hệ thống và CSDL mồi đã sẵn sàng | F33: Passed | G33: 2026-07-24 | H33: Katalon AutoTest | I33: Passed | J33: 2026-07-24 | K33: Katalon AutoTest | L33: Passed | M33: 2026-07-24 | N33: Katalon AutoTest | O33: Tự động chạy thành công 22 bước

Sheet TSBookDiscovery
A2: Workflow | B2: TSBookDiscovery | R2: Passed
A3: Test requirement | B3: Xác minh luồng Tìm kiếm sách, Lọc theo Danh mục, Tag, Trạng thái & Xem chi tiết | R3: Failed
A4: Number of TCs | B4: =COUNTA(A11:A24) -> 14 | R4: Pending
A5: Testing Round | B5: Passed | C5: Failed | D5: Pending | E5: N/A | R5: N/A
A6: Round 1 | B6: =COUNTIF($F11:$F24,"Passed") -> 14 | C6: =COUNTIF($F11:$F24,"Failed") -> 0 | D6: =COUNTIF($F11:$F24,"Pending") -> 0 | E6: =COUNTIF($F11:$F24,"N/A") -> 0
A7: Round 2 | B7: =COUNTIF($F11:$F24,"Passed") -> 14 | C7: =COUNTIF($F11:$F24,"Failed") -> 0 | D7: =COUNTIF($F11:$F24,"Pending") -> 0 | E7: =COUNTIF($F11:$F24,"N/A") -> 0
A8: Round 3 | B8: =COUNTIF($F11:$F24,"Passed") -> 14 | C8: =COUNTIF($F11:$F24,"Failed") -> 0 | D8: =COUNTIF($F11:$F24,"Pending") -> 0 | E8: =COUNTIF($F11:$F24,"N/A") -> 0
A10: Test Case ID | B10: Test Case Description | C10: Test Case Procedure | D10: Expected Results | E10: Pre-conditions | F10: Round 1 | G10: Test date | H10: Tester | I10: Round 2 | J10: Test date | K10: Tester | L10: Round 3 | M10: Test date | N10: Tester | O10: Note
A11: TCSearchBook_Data01 | B11: TCSearchBook | C11: keyword: Java | D11: Hệ thống lọc và hiển thị danh sách các đầu sách khớp từ khóa tìm kiếm. | E11: Hệ thống và CSDL mồi đã sẵn sàng | F11: Passed | G11: 2026-07-24 | H11: Katalon AutoTest | I11: Passed | J11: 2026-07-24 | K11: Katalon AutoTest | L11: Passed | M11: 2026-07-24 | N11: Katalon AutoTest | O11: Tự động chạy thành công 11 bước
A12: TCSearchBook_Data02 | B12: TCSearchBook | C12: keyword: Kiểm Thử | D12: Hệ thống lọc và hiển thị danh sách các đầu sách khớp từ khóa tìm kiếm. | E12: Hệ thống và CSDL mồi đã sẵn sàng | F12: Passed | G12: 2026-07-24 | H12: Katalon AutoTest | I12: Passed | J12: 2026-07-24 | K12: Katalon AutoTest | L12: Passed | M12: 2026-07-24 | N12: Katalon AutoTest | O12: Tự động chạy thành công 11 bước
A13: TCSearchBook_Data03 | B13: TCSearchBook | C13: keyword: 978-0134685991 | D13: Hệ thống lọc và hiển thị danh sách các đầu sách khớp từ khóa tìm kiếm. | E13: Hệ thống và CSDL mồi đã sẵn sàng | F13: Passed | G13: 2026-07-24 | H13: Katalon AutoTest | I13: Passed | J13: 2026-07-24 | K13: Katalon AutoTest | L13: Passed | M13: 2026-07-24 | N13: Katalon AutoTest | O13: Tự động chạy thành công 11 bước
A14: TCSearchBook_Data04 | B14: TCSearchBook | C14: keyword: Joshua Bloch | D14: Hệ thống lọc và hiển thị danh sách các đầu sách khớp từ khóa tìm kiếm. | E14: Hệ thống và CSDL mồi đã sẵn sàng | F14: Passed | G14: 2026-07-24 | H14: Katalon AutoTest | I14: Passed | J14: 2026-07-24 | K14: Katalon AutoTest | L14: Passed | M14: 2026-07-24 | N14: Katalon AutoTest | O14: Tự động chạy thành công 11 bước
A15: TCSearchBook_Data05 | B15: TCSearchBook | C15: keyword: KhongTonTai123456 | D15: Hệ thống báo không tìm thấy kết quả hoặc hiển thị danh sách rỗng. | E15: Hệ thống và CSDL mồi đã sẵn sàng | F15: Passed | G15: 2026-07-24 | H15: Katalon AutoTest | I15: Passed | J15: 2026-07-24 | K15: Katalon AutoTest | L15: Passed | M15: 2026-07-24 | N15: Katalon AutoTest | O15: Tự động chạy thành công 12 bước
A16: TCSearchBook_Data06 | B16: TCSearchBook | C16: Tham số mặc định | D16: Hệ thống lọc và hiển thị danh sách các đầu sách khớp từ khóa tìm kiếm. | E16: Hệ thống và CSDL mồi đã sẵn sàng | F16: Passed | G16: 2026-07-24 | H16: Katalon AutoTest | I16: Passed | J16: 2026-07-24 | K16: Katalon AutoTest | L16: Passed | M16: 2026-07-24 | N16: Katalon AutoTest | O16: Tự động chạy thành công 11 bước
A17: TCFilterByCategory_Data01 | B17: TCFilterByCategory | C17: categoryId: 1 | D17: Hệ thống lọc danh sách sách chỉ thuộc các Danh mục được chọn. | E17: Hệ thống và CSDL mồi đã sẵn sàng | F17: Passed | G17: 2026-07-24 | H17: Katalon AutoTest | I17: Passed | J17: 2026-07-24 | K17: Katalon AutoTest | L17: Passed | M17: 2026-07-24 | N17: Katalon AutoTest | O17: Tự động chạy thành công 6 bước
A18: TCFilterByCategory_Data02 | B18: TCFilterByCategory | C18: categoryId: 9999 | D18: Hệ thống lọc danh sách sách chỉ thuộc các Danh mục được chọn. | E18: Hệ thống và CSDL mồi đã sẵn sàng | F18: Passed | G18: 2026-07-24 | H18: Katalon AutoTest | I18: Passed | J18: 2026-07-24 | K18: Katalon AutoTest | L18: Passed | M18: 2026-07-24 | N18: Katalon AutoTest | O18: Tự động chạy thành công 7 bước
A19: TCFilterByTag_Data01 | B19: TCFilterByTag | C19: tagId: 1 | D19: Hệ thống lọc danh sách sách gắn các thẻ Tag tương ứng. | E19: Hệ thống và CSDL mồi đã sẵn sàng | F19: Passed | G19: 2026-07-24 | H19: Katalon AutoTest | I19: Passed | J19: 2026-07-24 | K19: Katalon AutoTest | L19: Passed | M19: 2026-07-24 | N19: Katalon AutoTest | O19: Tự động chạy thành công 6 bước
A20: TCFilterByTag_Data02 | B20: TCFilterByTag | C20: tagId: 9999 | D20: Hệ thống lọc danh sách sách gắn các thẻ Tag tương ứng. | E20: Hệ thống và CSDL mồi đã sẵn sàng | F20: Passed | G20: 2026-07-24 | H20: Katalon AutoTest | I20: Passed | J20: 2026-07-24 | K20: Katalon AutoTest | L20: Passed | M20: 2026-07-24 | N20: Katalon AutoTest | O20: Tự động chạy thành công 7 bước
A21: TCFilterByAvailability_Data01 | B21: TCFilterByAvailability | C21: availableOnly: true | D21: Hệ thống lọc đúng các đầu sách theo trạng thái khả dụng trong kho. | E21: Hệ thống và CSDL mồi đã sẵn sàng | F21: Passed | G21: 2026-07-24 | H21: Katalon AutoTest | I21: Passed | J21: 2026-07-24 | K21: Katalon AutoTest | L21: Passed | M21: 2026-07-24 | N21: Katalon AutoTest | O21: Tự động chạy thành công 11 bước
... A24: TCViewBookDetail_Data02 | B24: TCViewBookDetail | C24: bookId: 9999 | D24: Hệ thống hiển thị đầy đủ thông tin chi tiết đầu sách, vị trí kệ và các bản sao. | E24: Hệ thống và CSDL mồi đã sẵn sàng | F24: Passed | G24: 2026-07-24 | H24: Katalon AutoTest | I24: Passed | J24: 2026-07-24 | K24: Katalon AutoTest | L24: Passed | M24: 2026-07-24 | N24: Katalon AutoTest | O24: Tự động chạy thành công 15 bước

Sheet TSSelfService
A2: Workflow | B2: TSSelfService | R2: Passed
A3: Test requirement | B3: Xác minh luồng Đặt trước sách trực tuyến, Gia hạn mượn & Hủy đơn đặt trước | R3: Failed
A4: Number of TCs | B4: =COUNTA(A11:A23) -> 13 | R4: Pending
A5: Testing Round | B5: Passed | C5: Failed | D5: Pending | E5: N/A | R5: N/A
A6: Round 1 | B6: =COUNTIF($F11:$F23,"Passed") -> 13 | C6: =COUNTIF($F11:$F23,"Failed") -> 0 | D6: =COUNTIF($F11:$F23,"Pending") -> 0 | E6: =COUNTIF($F11:$F23,"N/A") -> 0
A7: Round 2 | B7: =COUNTIF($F11:$F23,"Passed") -> 13 | C7: =COUNTIF($F11:$F23,"Failed") -> 0 | D7: =COUNTIF($F11:$F23,"Pending") -> 0 | E7: =COUNTIF($F11:$F23,"N/A") -> 0
A8: Round 3 | B8: =COUNTIF($F11:$F23,"Passed") -> 13 | C8: =COUNTIF($F11:$F23,"Failed") -> 0 | D8: =COUNTIF($F11:$F23,"Pending") -> 0 | E8: =COUNTIF($F11:$F23,"N/A") -> 0
A10: Test Case ID | B10: Test Case Description | C10: Test Case Procedure | D10: Expected Results | E10: Pre-conditions | F10: Round 1 | G10: Test date | H10: Tester | I10: Round 2 | J10: Test date | K10: Tester | L10: Round 3 | M10: Test date | N10: Tester | O10: Note
A11: TCReserveBookOnline_Data01 | B11: TCReserveBookOnline | C11: bookId: 993 | D11: Hệ thống ghi nhận đơn đặt trước trực tuyến thành công và cập nhật hàng đợi. | E11: Hệ thống và CSDL mồi đã sẵn sàng | F11: Passed | G11: 2026-07-24 | H11: Katalon AutoTest | I11: Passed | J11: 2026-07-24 | K11: Katalon AutoTest | L11: Passed | M11: 2026-07-24 | N11: Katalon AutoTest | O11: Tự động chạy thành công 14 bước
A12: TCReserveBookOnline_Data02 | B12: TCReserveBookOnline | C12: bookId: 992 | D12: Hệ thống ghi nhận đơn đặt trước trực tuyến thành công và cập nhật hàng đợi. | E12: Hệ thống và CSDL mồi đã sẵn sàng | F12: Passed | G12: 2026-07-24 | H12: Katalon AutoTest | I12: Passed | J12: 2026-07-24 | K12: Katalon AutoTest | L12: Passed | M12: 2026-07-24 | N12: Katalon AutoTest | O12: Tự động chạy thành công 14 bước
A13: TCReserveBookOnline_Data03 | B13: TCReserveBookOnline | C13: bookId: 994 | D13: Hệ thống ghi nhận đơn đặt trước trực tuyến thành công và cập nhật hàng đợi. | E13: Hệ thống và CSDL mồi đã sẵn sàng | F13: Passed | G13: 2026-07-24 | H13: Katalon AutoTest | I13: Passed | J13: 2026-07-24 | K13: Katalon AutoTest | L13: Passed | M13: 2026-07-24 | N13: Katalon AutoTest | O13: Tự động chạy thành công 14 bước
A14: TCReserveBookOnline_Data04 | B14: TCReserveBookOnline | C14: bookId: 9999 | D14: Hệ thống từ chối đặt trước, hiển thị thông báo sách đã được mượn/đặt trước hoặc vượt giới hạn. | E14: Hệ thống và CSDL mồi đã sẵn sàng | F14: Passed | G14: 2026-07-24 | H14: Katalon AutoTest | I14: Passed | J14: 2026-07-24 | K14: Katalon AutoTest | L14: Passed | M14: 2026-07-24 | N14: Katalon AutoTest | O14: Tự động chạy thành công 15 bước
A15: TCReserveBookOnline_Data05 | B15: TCReserveBookOnline | C15: bookId: -1 | D15: Hệ thống từ chối đặt trước, hiển thị thông báo sách đã được mượn/đặt trước hoặc vượt giới hạn. | E15: Hệ thống và CSDL mồi đã sẵn sàng | F15: Passed | G15: 2026-07-24 | H15: Katalon AutoTest | I15: Passed | J15: 2026-07-24 | K15: Katalon AutoTest | L15: Passed | M15: 2026-07-24 | N15: Katalon AutoTest | O15: Tự động chạy thành công 15 bước
A16: TCRenewBookOnline_Data01 | B16: TCRenewBookOnline | C16: borrowRecordId: 9910 | D16: Hệ thống tự động gia hạn thêm thời hạn mượn sách thành công. | E16: Hệ thống và CSDL mồi đã sẵn sàng | F16: Passed | G16: 2026-07-24 | H16: Katalon AutoTest | I16: Passed | J16: 2026-07-24 | K16: Katalon AutoTest | L16: Passed | M16: 2026-07-24 | N16: Katalon AutoTest | O16: Tự động chạy thành công 14 bước
A17: TCRenewBookOnline_Data02 | B17: TCRenewBookOnline | C17: borrowRecordId: 9911 | D17: Hệ thống từ chối gia hạn do chưa đạt ngưỡng thời hạn mượn (ít nhất 50%) hoặc vượt số lần cho phép. | E17: Hệ thống và CSDL mồi đã sẵn sàng | F17: Passed | G17: 2026-07-24 | H17: Katalon AutoTest | I17: Passed | J17: 2026-07-24 | K17: Katalon AutoTest | L17: Passed | M17: 2026-07-24 | N17: Katalon AutoTest | O17: Tự động chạy thành công 15 bước
A18: TCRenewBookOnline_Data03 | B18: TCRenewBookOnline | C18: borrowRecordId: 9999 | D18: Hệ thống từ chối gia hạn do chưa đạt ngưỡng thời hạn mượn (ít nhất 50%) hoặc vượt số lần cho phép. | E18: Hệ thống và CSDL mồi đã sẵn sàng | F18: Passed | G18: 2026-07-24 | H18: Katalon AutoTest | I18: Passed | J18: 2026-07-24 | K18: Katalon AutoTest | L18: Passed | M18: 2026-07-24 | N18: Katalon AutoTest | O18: Tự động chạy thành công 16 bước
A19: TCRenewBookOnline_Data04 | B19: TCRenewBookOnline | C19: borrowRecordId: -1 | D19: Hệ thống từ chối gia hạn do chưa đạt ngưỡng thời hạn mượn (ít nhất 50%) hoặc vượt số lần cho phép. | E19: Hệ thống và CSDL mồi đã sẵn sàng | F19: Passed | G19: 2026-07-24 | H19: Katalon AutoTest | I19: Passed | J19: 2026-07-24 | K19: Katalon AutoTest | L19: Passed | M19: 2026-07-24 | N19: Katalon AutoTest | O19: Tự động chạy thành công 16 bước
A20: TCCancelReservation_Data01 | B20: TCCancelReservation | C20: reservationId: 9910 | D20: Hệ thống chuyển trạng thái đơn đặt trước sang 'cancelled' và hoàn trả vị trí kho/hàng đợi. | E20: Hệ thống và CSDL mồi đã sẵn sàng | F20: Passed | G20: 2026-07-24 | H20: Katalon AutoTest | I20: Passed | J20: 2026-07-24 | K20: Katalon AutoTest | L20: Passed | M20: 2026-07-24 | N20: Katalon AutoTest | O20: Tự động chạy thành công 14 bước
A21: TCCancelReservation_Data02 | B21: TCCancelReservation | C21: reservationId: 9912 | D21: Hệ thống chuyển trạng thái đơn đặt trước sang 'cancelled' và hoàn trả vị trí kho/hàng đợi. | E21: Hệ thống và CSDL mồi đã sẵn sàng | F21: Passed | G21: 2026-07-24 | H21: Katalon AutoTest | I21: Passed | J21: 2026-07-24 | K21: Katalon AutoTest | L21: Passed | M21: 2026-07-24 | N21: Katalon AutoTest | O21: Tự động chạy thành công 14 bước
... A23: TCCancelReservation_Data04 | B23: TCCancelReservation | C23: reservationId: -10 | D23: Hệ thống từ chối hủy đơn đặt trước không tồn tại hoặc không thuộc quyền sở hữu. | E23: Hệ thống và CSDL mồi đã sẵn sàng | F23: Passed | G23: 2026-07-24 | H23: Katalon AutoTest | I23: Passed | J23: 2026-07-24 | K23: Katalon AutoTest | L23: Passed | M23: 2026-07-24 | N23: Katalon AutoTest | O23: Tự động chạy thành công 15 bước
